{
    "load_raw_data_last_modified": 1741615656.3262112,
    "election_dates_last_modified": 1741521516.7875266,
    "load_donorlist_data_last_modified": 1741615660.8591912
}