{
  "0": {
    "precision": 0.9284968684759917,
    "recall": 0.8791697553743514,
    "f1-score": 0.9031602995303972,
    "support": 4047.0
  },
  "1": {
    "precision": 0.9350856232576663,
    "recall": 0.9625580759770429,
    "f1-score": 0.9486229883509528,
    "support": 7318.0
  },
  "accuracy": 0.9328640563132424,
  "macro avg": {
    "precision": 0.9317912458668289,
    "recall": 0.9208639156756971,
    "f1-score": 0.925891643940675,
    "support": 11365.0
  },
  "weighted avg": {
    "precision": 0.9327394120300871,
    "recall": 0.9328640563132424,
    "f1-score": 0.932434030880052,
    "support": 11365.0
  }
}