accuracy,precision,recall,f1-score
0.9328640563132424,0.9327394120300871,0.9328640563132424,0.932434030880052
